,Watch Name,Watch Price,MRP Price,Discout,Description
0,"Fire-Boltt Hurricane 1.3"" Curved Glass Display with 360...","₹1,299","₹8,999",85% off,Sponsored
1,"Boult Crown 1.95'' Screen, BT Calling, Working Crown, Z...","₹1,499","₹4,499",66% off,Sponsored
2,Noise Colorfit Icon 2 1.8'' Display with Bluetooth Call...,"₹1,099","₹5,999",81% off,"Blue Strap, Regular"
3,"Fastrack Revoltt XR1 1.38"" Round HD Display, SingleSync...","₹1,299","₹3,995",67% off,"Black Strap, Free Size"
4,"Noise Icon Buzz 1.69"" Display with Bluetooth Calling, W...","₹1,099","₹4,999",78% off,"Pink Strap, Regular"
5,Noise Colorfit Icon 2 1.8'' Display with Bluetooth Call...,"₹1,099","₹5,999",81% off,"Deep Wine Strap, Regular"
6,"CMF by Nothing Watch Pro, 1.96 AMOLED display, BT calli...","₹3,299","₹5,999",45% off,"Dark Grey Strap, Free Size"
7,Fire-Boltt Ninja Calling Pro Plus 1.83 inch Display Blu...,"₹1,099","₹9,999",89% off,Sponsored
8,Fastrack Revoltt FS1|1.83 Display|BT Calling|Fastcharge...,"₹1,099","₹3,995",72% off,"Black Strap, Free Size"
9,"Fire-Boltt Ultimate 1.39"" Stainless Steel Luxury Blueto...","₹1,399","₹14,999",90% off,"Black Strap, Free Size"
10,"Boult Drift+ Bluetooth Calling, 1.85"" HD, 500Nits Brigh...","₹1,399","₹8,499",83% off,Sponsored
11,"WTG Kids Calling Smart watch With 4G Support, Live Loca...","₹1,329","₹5,999",77% off,Sponsored
12,Fastrack Revoltt FS1|1.83 Display|BT Calling|Fastcharge...,"₹1,099","₹3,995",72% off,"Wine Red Strap, Free Size"
13,Fastrack Revoltt FS1|1.83 Display|BT Calling|Fastcharge...,"₹1,099","₹3,995",72% off,"Blue Strap, Free Size"
14,Fastrack Revoltt FS1|1.83 Display|BT Calling|Fastcharge...,"₹1,099","₹3,995",72% off,"Teal Strap, Free Size"
15,Fire-Boltt Legend Bluetooth Calling with 1.39'' Round D...,₹999,"₹9,999",90% off,"Grey Strap, Free Size"
16,"Boult Drift BT Calling 1.69"" HD Display, 140+ Watchface...","₹1,099","₹7,999",86% off,Sponsored
17,Fire-Boltt Hunter 2.01 inch HD Display Buetooth Calling...,"₹1,199","₹14,999",92% off,Sponsored
18,Noise Loop 1.85'' Display with Advanced Bluetooth Calli...,"₹1,099","₹6,999",84% off,"Black Strap, Regular"
19,Noise Colorfit Icon 2 1.8'' Display with Bluetooth Call...,"₹1,099","₹5,999",81% off,"Black Strap, Regular"
20,alt OG Supreme 1.96'' AMOLED Single Chip Calling 120 sp...,"₹1,599","₹14,999",89% off,Sponsored
21,Fire-Boltt Ninja Calling Pro Plus 1.83 inch Display Sma...,"₹1,099","₹9,999",89% off,Sponsored
22,Fastrack Revoltt FS1|1.83 Display|BT Calling|Fastcharge...,"₹1,099","₹3,995",72% off,"Beige Strap, Free Size"
23,"Fire-Boltt Rise BT Calling,1.85"", Voice Assistance & 12...","₹1,199","₹11,999",90% off,"Black Strap, Free Size"
24,"Noise Icon 2 1.8'' Display with Bluetooth Calling, Wome...","₹1,099","₹5,999",81% off,"Pink Strap, Regular"
25,Fastrack Revoltt FS1|1.83 Display|BT Calling|Fastcharge...,"₹1,099","₹3,995",72% off,"Rose Gold Strap, Free Size"
26,"Boult Drift BT Calling 1.69"" HD Display, 140+ Watchface...","₹1,099","₹7,999",86% off,Sponsored
27,"Noise Icon 4 with Stunning 1.96'' AMOLED Display, Metal...","₹1,999","₹6,999",71% off,Sponsored
28,"Noise Thrive 1.85'' Display with Bluetooth Calling, Mus...",₹999,"₹5,999",83% off,"Grey Strap, Regular"
29,"Fastrack Revoltt XR1 1.38"" Round HD Display, SingleSync...","₹1,299","₹3,995",67% off,"Green Strap, Free Size"
30,"alt Hunk, 1.96"", BT Calling, 200 Watchfaces,120 Sports ...",₹999,"₹12,999",92% off,Sponsored
31,Fire-Boltt Ninja Calling Pro Plus 1.83 inch Display Blu...,"₹1,099","₹9,999",89% off,Sponsored
32,"Noise Crew 1.38"" Display with Bluetooth Calling, Women'...","₹1,099","₹4,999",78% off,"Pink Strap, Regular"
33,"Fastrack Revoltt XR1 1.38"" Round HD Display, SingleSync...","₹1,299","₹3,995",67% off,"Beige Strap, Free Size"
34,"Noise Crew 1.38"" Round Display with Bluetooth Calling, ...","₹1,099","₹4,999",78% off,"Grey Strap, Regular"
35,"Boult Drift BT Calling 1.69"" HD Display, 140+ Watchface...","₹1,099","₹7,999",86% off,"Beige Strap, Free Size"
36,Gamesir S9 Ultra Gold HD screen wireless Charging Compa...,"₹1,320","₹4,999",73% off,Sponsored
37,Fire-Boltt Ninja Calling Pro Plus 1.83 inch Display Sma...,"₹1,099","₹9,999",89% off,Sponsored
38,"Noise Icon Buzz 1.69"" Display with Bluetooth Calling, B...","₹1,099","₹4,999",78% off,"Midnight Gold Strap, Regular"
39,"Ambrane Wise Glaze with 1.78"" Amoled display, BT Callin...","₹1,299","₹5,999",78% off,"Black Strap, Regular"
40,"Fire-Boltt Hurricane 1.3"" Curved Glass Display with 360...","₹1,299","₹8,999",85% off,Sponsored
41,"Boult Crown 1.95'' Screen, BT Calling, Working Crown, Z...","₹1,499","₹4,499",66% off,Sponsored
42,Noise Colorfit Icon 2 1.8'' Display with Bluetooth Call...,"₹1,099","₹5,999",78% off,"Blue Strap, Regular"
43,"Ambrane Wise Glaze with 1.78"" Amoled display, BT Callin...","₹1,299","₹5,999",78% off,"Black Strap, Regular"
44,Fire-Boltt Hunter 2.01 inch HD Display Buetooth Calling...,"₹1,199","₹14,999",92% off,"Black Strap, Free Size"
45,"Noise Icon Buzz 1.69"" Display with Bluetooth Calling, B...","₹1,099","₹4,999",78% off,"Green Strap, Regular"
46,"Fire-Boltt Rise Steel Ultra 1.91 Display, BT Call, Voic...","₹1,399","₹14,999",90% off,Sponsored
47,"Boult Cosmic R 1.39 inch HD, BT Calling, Zinc Alloy Fra...","₹1,099","₹5,999",81% off,Sponsored
48,"Noise Icon 3 1.91"" Display with Bluetooth Calling, Meta...","₹1,199","₹7,999",85% off,"Navy Blue Strap, Regular"
49,Fire-Boltt Legend Bluetooth Calling with 1.39'' Round D...,₹999,"₹9,999",90% off,"Black Strap, Free Size"
50,"Fire-Boltt Ninja Talk AMOLED: 1.43 AMOLED Display, 700 ...","₹1,599","₹12,999",87% off,Sponsored
51,"boAt Wave Sigma with 2.01"" HD Display, BT Calling,Coins...","₹1,599","₹7,499",78% off,Sponsored
52,"Fastrack Revoltt FS1 Pro|World's First,1.96"" Super AMOL...","₹1,999","₹7,995",74% off,"Black Strap, Free Size"
53,"Fastrack Revoltt FS1 Pro|World's First,1.96"" Super AMOL...","₹1,999","₹7,995",74% off,"Blue Strap, Free Size"
54,Fire-Boltt Destiny 1.39'' Stainless Steel Luxury Smartw...,"₹1,499","₹11,999",87% off,"Black Strap, Free Size"
55,Noise Loop 1.85'' Display with Advanced Bluetooth Calli...,"₹1,099","₹6,999",84% off,"Blue Strap, Regular"
56,"Cult Ace X1 2.04"" Amoled Display,1000 NITS, Bluetooth C...","₹2,499","₹7,999",68% off,Sponsored
57,"Pebble Cosmos Vault 1.43""Amoled Display Luxury Metal, A...","₹1,699","₹9,999",83% off,Sponsored
58,"Noise Crew 1.38"" Round Display with Bluetooth Calling, ...","₹1,099","₹4,999",78% off,"Green Strap, Regular"
59,Fire-Boltt Hulk 1.78 inch Amoled Bluetooth Calling with...,"₹1,499","₹17,999",91% off,"Grey Strap, 1.78"
60,"PA Maxima Max Pro Coral Plus 1.96''Ultra HD Display, BT...","₹1,299","₹5,499",76% off,Sponsored
61,"PunnkFunnk 2G Flash Kids Boys Girls, With Games, Sos Ca...","₹1,399","₹4,999",72% off,Sponsored
62,"Fire-Boltt Expedition GPS Inbuilt Smart Watch, Bluetoot...","₹1,999","₹21,999",90% off,"Green Strap, Free Size"
63,Fire-Boltt Ninja Calling Pro Plus 1.83 inch Display Blu...,"₹1,099","₹9,999",89% off,"Grey Strap, Free Size"
64,"Fire-Boltt Rock 1.3 AMOLED Display, Bluetooth Calling, ...","₹1,999","₹18,999",89% off,"Black Strap, 1.3"
65,"Fire-Boltt Hurricane 1.3"" Curved Glass Display with 360...","₹1,299","₹8,999",85% off,"Grey Strap, Free Size"
66,"Pebble Cosmos Ultra 1.91"" 600 nits BT-Calling High-Res ...","₹1,499","₹7,499",80% off,Sponsored
67,"Gamesir KIDS Watch-1 Sos Call, Sim Call, 3 Types Game, ...","₹1,300","₹2,999",56% off,Sponsored
68,"Fire-Boltt Rock 1.3 AMOLED Display, Bluetooth Calling, ...","₹1,999","₹18,999",89% off,"Grey Strap, 1.3"
69,"Fastrack Optimus Pro with 1.43"" AMOLED Display & AOD(46...","₹1,999","₹5,995",66% off,"Black Strap, Free Size"
70,"Fire-Boltt Rise Steel Ultra 1.91 Display, BT Call, Voic...","₹1,399","₹14,999",90% off,Sponsored
71,"Cult Shock X 1.43"" AMOLED, 420mAh Battery, 850 NITS, AO...","₹2,699","₹9,999",73% off,Sponsored
72,"Fastrack Revoltt FS1 Pro|World's First,1.96"" Super AMOL...","₹1,999","₹7,995",74% off,"Green Strap, Free Size"
73,Fastrack Revoltt FS1|1.83 Display|BT Calling|Fastcharge...,"₹1,099","₹3,995",72% off,"Green Strap, Free Size"
74,"CMF by Nothing Watch Pro, 1.96 AMOLED display, BT calli...","₹3,299","₹5,999",45% off,"Ash Grey Strap, Free Size"
75,Fire-Boltt Ninja Talk 1.39'' Round Bluetooth Calling Me...,"₹1,599","₹11,999",86% off,"Pink Strap, 1.39"""
76,"yoof Magic with 1.85"" HD Square Display, Bluetooth Call...","₹1,499","₹5,999",75% off,Sponsored
77,alt OG Supreme 1.96'' AMOLED Single Chip Calling 120 sp...,"₹1,599","₹14,999",89% off,Sponsored
78,"Fastrack Optimus Pro with 1.43"" AMOLED Display & AOD(46...","₹1,999","₹5,995",66% off,"Blue Strap, Free Size"
79,"Fire-Boltt Epic with1.69"" 2.5D Curved Glass,SPO2, Heart...",₹999,"₹7,999",87% off,"Black Strap, Free Size"
80,PunnkFunnk Kids Anti-Lost Smart Watch with Phone Call C...,"₹1,303","₹2,999",56% off,Sponsored
81,"Noise Pro 5 Max 1.96 AMOLED Display, Post Workout Analy...","₹4,499","₹9,999",55% off,Sponsored
82,"Noise Icon Buzz 1.69"" Display with Bluetooth Calling, B...","₹1,099","₹4,999",78% off,"Midnight Gold Strap, Regular"
83,"Ambrane Wise Glaze with 1.78"" Amoled display, BT Callin...","₹1,299","₹5,999",78% off,"Black Strap, Regular"
84,Fire-Boltt Hunter 2.01 inch HD Display Buetooth Calling...,"₹1,199","₹14,999",92% off,"Black Strap, Free Size"
85,"Noise Icon Buzz 1.69"" Display with Bluetooth Calling, B...","₹1,099","₹4,999",78% off,"Green Strap, Regular"
86,"Fire-Boltt Rise Steel Ultra 1.91 Display, BT Call, Voic...","₹1,399","₹14,999",90% off,Sponsored
87,"Boult Cosmic R 1.39 inch HD, BT Calling, Zinc Alloy Fra...","₹1,099","₹5,999",81% off,Sponsored
88,"Noise Icon 3 1.91"" Display with Bluetooth Calling, Meta...","₹1,199","₹7,999",85% off,"Navy Blue Strap, Regular"
89,Fire-Boltt Legend Bluetooth Calling with 1.39'' Round D...,₹999,"₹9,999",90% off,"Black Strap, Free Size"
90,"Fire-Boltt Ninja Talk AMOLED: 1.43 AMOLED Display, 700 ...","₹1,599","₹12,999",87% off,Sponsored
91,"boAt Wave Sigma with 2.01"" HD Display, BT Calling,Coins...","₹1,599","₹7,499",78% off,Sponsored
92,"Fastrack Revoltt FS1 Pro|World's First,1.96"" Super AMOL...","₹1,999","₹7,995",74% off,"Black Strap, Free Size"
93,"Fastrack Revoltt FS1 Pro|World's First,1.96"" Super AMOL...","₹1,999","₹7,995",74% off,"Blue Strap, Free Size"
94,Fire-Boltt Destiny 1.39'' Stainless Steel Luxury Smartw...,"₹1,499","₹11,999",87% off,"Black Strap, Free Size"
95,Noise Loop 1.85'' Display with Advanced Bluetooth Calli...,"₹1,099","₹6,999",84% off,"Blue Strap, Regular"
96,"Cult Ace X1 2.04"" Amoled Display,1000 NITS, Bluetooth C...","₹2,499","₹7,999",68% off,Sponsored
97,"Pebble Cosmos Vault 1.43""Amoled Display Luxury Metal, A...","₹1,699","₹9,999",83% off,Sponsored
98,"Noise Crew 1.38"" Round Display with Bluetooth Calling, ...","₹1,099","₹4,999",78% off,"Green Strap, Regular"
99,Fire-Boltt Hulk 1.78 inch Amoled Bluetooth Calling with...,"₹1,499","₹17,999",91% off,"Grey Strap, 1.78"
100,"PA Maxima Max Pro Coral Plus 1.96''Ultra HD Display, BT...","₹1,299","₹5,499",76% off,Sponsored
101,"PunnkFunnk 2G Flash Kids Boys Girls, With Games, Sos Ca...","₹1,399","₹4,999",72% off,Sponsored
102,"Fire-Boltt Expedition GPS Inbuilt Smart Watch, Bluetoot...","₹1,999","₹21,999",90% off,"Green Strap, Free Size"
103,Fire-Boltt Ninja Calling Pro Plus 1.83 inch Display Blu...,"₹1,099","₹9,999",89% off,"Grey Strap, Free Size"
104,"Fire-Boltt Rock 1.3 AMOLED Display, Bluetooth Calling, ...","₹1,999","₹18,999",89% off,"Black Strap, 1.3"
105,"Fire-Boltt Hurricane 1.3"" Curved Glass Display with 360...","₹1,299","₹8,999",85% off,"Grey Strap, Free Size"
106,"Pebble Cosmos Ultra 1.91"" 600 nits BT-Calling High-Res ...","₹1,499","₹7,499",80% off,Sponsored
107,"Gamesir KIDS Watch-1 Sos Call, Sim Call, 3 Types Game, ...","₹1,300","₹2,999",56% off,Sponsored
108,"Fire-Boltt Rock 1.3 AMOLED Display, Bluetooth Calling, ...","₹1,999","₹18,999",89% off,"Grey Strap, 1.3"
109,"Fastrack Optimus Pro with 1.43"" AMOLED Display & AOD(46...","₹1,999","₹5,995",66% off,"Black Strap, Free Size"
110,"Fire-Boltt Rise Steel Ultra 1.91 Display, BT Call, Voic...","₹1,399","₹14,999",90% off,Sponsored
111,"Cult Shock X 1.43"" AMOLED, 420mAh Battery, 850 NITS, AO...","₹2,699","₹9,999",73% off,Sponsored
112,"Fastrack Revoltt FS1 Pro|World's First,1.96"" Super AMOL...","₹1,999","₹7,995",74% off,"Green Strap, Free Size"
113,Fastrack Revoltt FS1|1.83 Display|BT Calling|Fastcharge...,"₹1,099","₹3,995",72% off,"Green Strap, Free Size"
114,"CMF by Nothing Watch Pro, 1.96 AMOLED display, BT calli...","₹3,299","₹5,999",45% off,"Ash Grey Strap, Free Size"
115,Fire-Boltt Ninja Talk 1.39'' Round Bluetooth Calling Me...,"₹1,599","₹11,999",86% off,"Pink Strap, 1.39"""
116,"yoof Magic with 1.85"" HD Square Display, Bluetooth Call...","₹1,499","₹5,999",75% off,Sponsored
117,alt OG Supreme 1.96'' AMOLED Single Chip Calling 120 sp...,"₹1,599","₹14,999",89% off,Sponsored
118,"Fastrack Optimus Pro with 1.43"" AMOLED Display & AOD(46...","₹1,999","₹5,995",66% off,"Blue Strap, Free Size"
119,"Fire-Boltt Epic with1.69"" 2.5D Curved Glass,SPO2, Heart...",₹999,"₹7,999",87% off,"Black Strap, Free Size"
120,PunnkFunnk Kids Anti-Lost Smart Watch with Phone Call C...,"₹1,303","₹2,999",56% off,Sponsored
121,"Noise Pro 5 Max 1.96 AMOLED Display, Post Workout Analy...","₹4,499","₹9,999",55% off,Sponsored
122,"Noise Icon Buzz 1.69"" Display with Bluetooth Calling, B...","₹1,099","₹4,999",78% off,"Midnight Gold Strap, Regular"
123,"Ambrane Wise Glaze with 1.78"" Amoled display, BT Callin...","₹1,299","₹5,999",78% off,"Black Strap, Regular"
124,Fire-Boltt Hunter 2.01 inch HD Display Buetooth Calling...,"₹1,199","₹14,999",92% off,"Black Strap, Free Size"
125,"Noise Icon Buzz 1.69"" Display with Bluetooth Calling, B...","₹1,099","₹4,999",78% off,"Green Strap, Regular"
126,"Fire-Boltt Rise Steel Ultra 1.91 Display, BT Call, Voic...","₹1,399","₹14,999",90% off,Sponsored
127,"Boult Cosmic R 1.39 inch HD, BT Calling, Zinc Alloy Fra...","₹1,099","₹5,999",81% off,Sponsored
128,"Noise Icon 3 1.91"" Display with Bluetooth Calling, Meta...","₹1,199","₹7,999",85% off,"Navy Blue Strap, Regular"
129,Fire-Boltt Legend Bluetooth Calling with 1.39'' Round D...,₹999,"₹9,999",90% off,"Black Strap, Free Size"
130,"Fire-Boltt Ninja Talk AMOLED: 1.43 AMOLED Display, 700 ...","₹1,599","₹12,999",87% off,Sponsored
131,"boAt Wave Sigma with 2.01"" HD Display, BT Calling,Coins...","₹1,599","₹7,499",78% off,Sponsored
132,"Fastrack Revoltt FS1 Pro|World's First,1.96"" Super AMOL...","₹1,999","₹7,995",74% off,"Black Strap, Free Size"
133,"Fastrack Revoltt FS1 Pro|World's First,1.96"" Super AMOL...","₹1,999","₹7,995",74% off,"Blue Strap, Free Size"
134,Fire-Boltt Destiny 1.39'' Stainless Steel Luxury Smartw...,"₹1,499","₹11,999",87% off,"Black Strap, Free Size"
135,Noise Loop 1.85'' Display with Advanced Bluetooth Calli...,"₹1,099","₹6,999",84% off,"Blue Strap, Regular"
136,"Cult Ace X1 2.04"" Amoled Display,1000 NITS, Bluetooth C...","₹2,499","₹7,999",68% off,Sponsored
137,"Pebble Cosmos Vault 1.43""Amoled Display Luxury Metal, A...","₹1,699","₹9,999",83% off,Sponsored
138,"Noise Crew 1.38"" Round Display with Bluetooth Calling, ...","₹1,099","₹4,999",78% off,"Green Strap, Regular"
139,Fire-Boltt Hulk 1.78 inch Amoled Bluetooth Calling with...,"₹1,499","₹17,999",91% off,"Grey Strap, 1.78"
140,"PA Maxima Max Pro Coral Plus 1.96''Ultra HD Display, BT...","₹1,299","₹5,499",76% off,Sponsored
141,"PunnkFunnk 2G Flash Kids Boys Girls, With Games, Sos Ca...","₹1,399","₹4,999",72% off,Sponsored
142,"Fire-Boltt Expedition GPS Inbuilt Smart Watch, Bluetoot...","₹1,999","₹21,999",90% off,"Green Strap, Free Size"
143,Fire-Boltt Ninja Calling Pro Plus 1.83 inch Display Blu...,"₹1,099","₹9,999",89% off,"Grey Strap, Free Size"
144,"Fire-Boltt Rock 1.3 AMOLED Display, Bluetooth Calling, ...","₹1,999","₹18,999",89% off,"Black Strap, 1.3"
145,"Fire-Boltt Hurricane 1.3"" Curved Glass Display with 360...","₹1,299","₹8,999",85% off,"Grey Strap, Free Size"
146,"Pebble Cosmos Ultra 1.91"" 600 nits BT-Calling High-Res ...","₹1,499","₹7,499",80% off,Sponsored
147,"Gamesir KIDS Watch-1 Sos Call, Sim Call, 3 Types Game, ...","₹1,300","₹2,999",56% off,Sponsored
148,"Fire-Boltt Rock 1.3 AMOLED Display, Bluetooth Calling, ...","₹1,999","₹18,999",89% off,"Grey Strap, 1.3"
149,"Fastrack Optimus Pro with 1.43"" AMOLED Display & AOD(46...","₹1,999","₹5,995",66% off,"Black Strap, Free Size"
150,"Fire-Boltt Rise Steel Ultra 1.91 Display, BT Call, Voic...","₹1,399","₹14,999",90% off,Sponsored
151,"Cult Shock X 1.43"" AMOLED, 420mAh Battery, 850 NITS, AO...","₹2,699","₹9,999",73% off,Sponsored
152,"Fastrack Revoltt FS1 Pro|World's First,1.96"" Super AMOL...","₹1,999","₹7,995",74% off,"Green Strap, Free Size"
153,Fastrack Revoltt FS1|1.83 Display|BT Calling|Fastcharge...,"₹1,099","₹3,995",72% off,"Green Strap, Free Size"
154,"CMF by Nothing Watch Pro, 1.96 AMOLED display, BT calli...","₹3,299","₹5,999",45% off,"Ash Grey Strap, Free Size"
155,Fire-Boltt Ninja Talk 1.39'' Round Bluetooth Calling Me...,"₹1,599","₹11,999",86% off,"Pink Strap, 1.39"""
156,"yoof Magic with 1.85"" HD Square Display, Bluetooth Call...","₹1,499","₹5,999",75% off,Sponsored
157,alt OG Supreme 1.96'' AMOLED Single Chip Calling 120 sp...,"₹1,599","₹14,999",89% off,Sponsored
158,"Fastrack Optimus Pro with 1.43"" AMOLED Display & AOD(46...","₹1,999","₹5,995",66% off,"Blue Strap, Free Size"
159,"Fire-Boltt Epic with1.69"" 2.5D Curved Glass,SPO2, Heart...",₹999,"₹7,999",87% off,"Black Strap, Free Size"
160,PunnkFunnk Kids Anti-Lost Smart Watch with Phone Call C...,"₹1,303","₹2,999",56% off,Sponsored
161,"Noise Pro 5 Max 1.96 AMOLED Display, Post Workout Analy...","₹4,499","₹9,999",55% off,Sponsored
162,"Noise Icon Buzz 1.69"" Display with Bluetooth Calling, B...","₹1,099","₹4,999",78% off,"Midnight Gold Strap, Regular"
163,"Ambrane Wise Glaze with 1.78"" Amoled display, BT Callin...","₹1,299","₹5,999",78% off,"Black Strap, Regular"
164,Fire-Boltt Hunter 2.01 inch HD Display Buetooth Calling...,"₹1,199","₹14,999",92% off,"Black Strap, Free Size"
165,"Noise Icon Buzz 1.69"" Display with Bluetooth Calling, B...","₹1,099","₹4,999",78% off,"Green Strap, Regular"
166,"Fire-Boltt Rise Steel Ultra 1.91 Display, BT Call, Voic...","₹1,399","₹14,999",90% off,Sponsored
167,"Boult Cosmic R 1.39 inch HD, BT Calling, Zinc Alloy Fra...","₹1,099","₹5,999",81% off,Sponsored
168,"Noise Icon 3 1.91"" Display with Bluetooth Calling, Meta...","₹1,199","₹7,999",85% off,"Navy Blue Strap, Regular"
169,Fire-Boltt Legend Bluetooth Calling with 1.39'' Round D...,₹999,"₹9,999",90% off,"Black Strap, Free Size"
170,"Fire-Boltt Ninja Talk AMOLED: 1.43 AMOLED Display, 700 ...","₹1,599","₹12,999",87% off,Sponsored
171,"boAt Wave Sigma with 2.01"" HD Display, BT Calling,Coins...","₹1,599","₹7,499",78% off,Sponsored
172,"Fastrack Revoltt FS1 Pro|World's First,1.96"" Super AMOL...","₹1,999","₹7,995",74% off,"Black Strap, Free Size"
173,"Fastrack Revoltt FS1 Pro|World's First,1.96"" Super AMOL...","₹1,999","₹7,995",74% off,"Blue Strap, Free Size"
174,Fire-Boltt Destiny 1.39'' Stainless Steel Luxury Smartw...,"₹1,499","₹11,999",87% off,"Black Strap, Free Size"
175,Noise Loop 1.85'' Display with Advanced Bluetooth Calli...,"₹1,099","₹6,999",84% off,"Blue Strap, Regular"
176,"Cult Ace X1 2.04"" Amoled Display,1000 NITS, Bluetooth C...","₹2,499","₹7,999",68% off,Sponsored
177,"Pebble Cosmos Vault 1.43""Amoled Display Luxury Metal, A...","₹1,699","₹9,999",83% off,Sponsored
178,"Noise Crew 1.38"" Round Display with Bluetooth Calling, ...","₹1,099","₹4,999",78% off,"Green Strap, Regular"
179,Fire-Boltt Hulk 1.78 inch Amoled Bluetooth Calling with...,"₹1,499","₹17,999",91% off,"Grey Strap, 1.78"
180,"PA Maxima Max Pro Coral Plus 1.96''Ultra HD Display, BT...","₹1,299","₹5,499",76% off,Sponsored
181,"PunnkFunnk 2G Flash Kids Boys Girls, With Games, Sos Ca...","₹1,399","₹4,999",72% off,Sponsored
182,"Fire-Boltt Expedition GPS Inbuilt Smart Watch, Bluetoot...","₹1,999","₹21,999",90% off,"Green Strap, Free Size"
183,Fire-Boltt Ninja Calling Pro Plus 1.83 inch Display Blu...,"₹1,099","₹9,999",89% off,"Grey Strap, Free Size"
184,"Fire-Boltt Rock 1.3 AMOLED Display, Bluetooth Calling, ...","₹1,999","₹18,999",89% off,"Black Strap, 1.3"
185,"Fire-Boltt Hurricane 1.3"" Curved Glass Display with 360...","₹1,299","₹8,999",85% off,"Grey Strap, Free Size"
186,"Pebble Cosmos Ultra 1.91"" 600 nits BT-Calling High-Res ...","₹1,499","₹7,499",80% off,Sponsored
187,"Gamesir KIDS Watch-1 Sos Call, Sim Call, 3 Types Game, ...","₹1,300","₹2,999",56% off,Sponsored
188,"Fire-Boltt Rock 1.3 AMOLED Display, Bluetooth Calling, ...","₹1,999","₹18,999",89% off,"Grey Strap, 1.3"
189,"Fastrack Optimus Pro with 1.43"" AMOLED Display & AOD(46...","₹1,999","₹5,995",66% off,"Black Strap, Free Size"
190,"Fire-Boltt Rise Steel Ultra 1.91 Display, BT Call, Voic...","₹1,399","₹14,999",90% off,Sponsored
191,"Cult Shock X 1.43"" AMOLED, 420mAh Battery, 850 NITS, AO...","₹2,699","₹9,999",73% off,Sponsored
192,"Fastrack Revoltt FS1 Pro|World's First,1.96"" Super AMOL...","₹1,999","₹7,995",74% off,"Green Strap, Free Size"
193,Fastrack Revoltt FS1|1.83 Display|BT Calling|Fastcharge...,"₹1,099","₹3,995",72% off,"Green Strap, Free Size"
194,"CMF by Nothing Watch Pro, 1.96 AMOLED display, BT calli...","₹3,299","₹5,999",45% off,"Ash Grey Strap, Free Size"
195,Fire-Boltt Ninja Talk 1.39'' Round Bluetooth Calling Me...,"₹1,599","₹11,999",86% off,"Pink Strap, 1.39"""
196,"yoof Magic with 1.85"" HD Square Display, Bluetooth Call...","₹1,499","₹5,999",75% off,Sponsored
197,alt OG Supreme 1.96'' AMOLED Single Chip Calling 120 sp...,"₹1,599","₹14,999",89% off,Sponsored
198,"Fastrack Optimus Pro with 1.43"" AMOLED Display & AOD(46...","₹1,999","₹5,995",66% off,"Blue Strap, Free Size"
199,"Fire-Boltt Epic with1.69"" 2.5D Curved Glass,SPO2, Heart...",₹999,"₹7,999",87% off,"Black Strap, Free Size"
200,PunnkFunnk Kids Anti-Lost Smart Watch with Phone Call C...,"₹1,303","₹2,999",56% off,Sponsored
201,"Noise Pro 5 Max 1.96 AMOLED Display, Post Workout Analy...","₹4,499","₹9,999",55% off,Sponsored
202,"Noise Icon Buzz 1.69"" Display with Bluetooth Calling, B...","₹1,099","₹4,999",78% off,"Midnight Gold Strap, Regular"
203,"Ambrane Wise Glaze with 1.78"" Amoled display, BT Callin...","₹1,299","₹5,999",78% off,"Black Strap, Regular"
204,Fire-Boltt Hunter 2.01 inch HD Display Buetooth Calling...,"₹1,199","₹14,999",92% off,"Black Strap, Free Size"
205,"Noise Icon Buzz 1.69"" Display with Bluetooth Calling, B...","₹1,099","₹4,999",78% off,"Green Strap, Regular"
206,"Fire-Boltt Rise Steel Ultra 1.91 Display, BT Call, Voic...","₹1,399","₹14,999",90% off,Sponsored
207,"Boult Cosmic R 1.39 inch HD, BT Calling, Zinc Alloy Fra...","₹1,099","₹5,999",81% off,Sponsored
208,"Noise Icon 3 1.91"" Display with Bluetooth Calling, Meta...","₹1,199","₹7,999",85% off,"Navy Blue Strap, Regular"
209,Fire-Boltt Legend Bluetooth Calling with 1.39'' Round D...,₹999,"₹9,999",90% off,"Black Strap, Free Size"
210,"Fire-Boltt Ninja Talk AMOLED: 1.43 AMOLED Display, 700 ...","₹1,599","₹12,999",87% off,Sponsored
211,"boAt Wave Sigma with 2.01"" HD Display, BT Calling,Coins...","₹1,599","₹7,499",78% off,Sponsored
212,"Fastrack Revoltt FS1 Pro|World's First,1.96"" Super AMOL...","₹1,999","₹7,995",74% off,"Black Strap, Free Size"
213,"Fastrack Revoltt FS1 Pro|World's First,1.96"" Super AMOL...","₹1,999","₹7,995",74% off,"Blue Strap, Free Size"
214,Fire-Boltt Destiny 1.39'' Stainless Steel Luxury Smartw...,"₹1,499","₹11,999",87% off,"Black Strap, Free Size"
215,Noise Loop 1.85'' Display with Advanced Bluetooth Calli...,"₹1,099","₹6,999",84% off,"Blue Strap, Regular"
216,"Cult Ace X1 2.04"" Amoled Display,1000 NITS, Bluetooth C...","₹2,499","₹7,999",68% off,Sponsored
217,"Pebble Cosmos Vault 1.43""Amoled Display Luxury Metal, A...","₹1,699","₹9,999",83% off,Sponsored
218,"Noise Crew 1.38"" Round Display with Bluetooth Calling, ...","₹1,099","₹4,999",78% off,"Green Strap, Regular"
219,Fire-Boltt Hulk 1.78 inch Amoled Bluetooth Calling with...,"₹1,499","₹17,999",91% off,"Grey Strap, 1.78"
220,"PA Maxima Max Pro Coral Plus 1.96''Ultra HD Display, BT...","₹1,299","₹5,499",76% off,Sponsored
221,"PunnkFunnk 2G Flash Kids Boys Girls, With Games, Sos Ca...","₹1,399","₹4,999",72% off,Sponsored
222,"Fire-Boltt Expedition GPS Inbuilt Smart Watch, Bluetoot...","₹1,999","₹21,999",90% off,"Green Strap, Free Size"
223,Fire-Boltt Ninja Calling Pro Plus 1.83 inch Display Blu...,"₹1,099","₹9,999",89% off,"Grey Strap, Free Size"
224,"Fire-Boltt Rock 1.3 AMOLED Display, Bluetooth Calling, ...","₹1,999","₹18,999",89% off,"Black Strap, 1.3"
225,"Fire-Boltt Hurricane 1.3"" Curved Glass Display with 360...","₹1,299","₹8,999",85% off,"Grey Strap, Free Size"
226,"Pebble Cosmos Ultra 1.91"" 600 nits BT-Calling High-Res ...","₹1,499","₹7,499",80% off,Sponsored
227,"Gamesir KIDS Watch-1 Sos Call, Sim Call, 3 Types Game, ...","₹1,300","₹2,999",56% off,Sponsored
228,"Fire-Boltt Rock 1.3 AMOLED Display, Bluetooth Calling, ...","₹1,999","₹18,999",89% off,"Grey Strap, 1.3"
229,"Fastrack Optimus Pro with 1.43"" AMOLED Display & AOD(46...","₹1,999","₹5,995",66% off,"Black Strap, Free Size"
230,"Fire-Boltt Rise Steel Ultra 1.91 Display, BT Call, Voic...","₹1,399","₹14,999",90% off,Sponsored
231,"Cult Shock X 1.43"" AMOLED, 420mAh Battery, 850 NITS, AO...","₹2,699","₹9,999",73% off,Sponsored
232,"Fastrack Revoltt FS1 Pro|World's First,1.96"" Super AMOL...","₹1,999","₹7,995",74% off,"Green Strap, Free Size"
233,Fastrack Revoltt FS1|1.83 Display|BT Calling|Fastcharge...,"₹1,099","₹3,995",72% off,"Green Strap, Free Size"
234,"CMF by Nothing Watch Pro, 1.96 AMOLED display, BT calli...","₹3,299","₹5,999",45% off,"Ash Grey Strap, Free Size"
235,Fire-Boltt Ninja Talk 1.39'' Round Bluetooth Calling Me...,"₹1,599","₹11,999",86% off,"Pink Strap, 1.39"""
236,"yoof Magic with 1.85"" HD Square Display, Bluetooth Call...","₹1,499","₹5,999",75% off,Sponsored
237,alt OG Supreme 1.96'' AMOLED Single Chip Calling 120 sp...,"₹1,599","₹14,999",89% off,Sponsored
238,"Fastrack Optimus Pro with 1.43"" AMOLED Display & AOD(46...","₹1,999","₹5,995",66% off,"Blue Strap, Free Size"
239,"Fire-Boltt Epic with1.69"" 2.5D Curved Glass,SPO2, Heart...",₹999,"₹7,999",87% off,"Black Strap, Free Size"
240,PunnkFunnk Kids Anti-Lost Smart Watch with Phone Call C...,"₹1,303","₹2,999",56% off,Sponsored
241,"Noise Pro 5 Max 1.96 AMOLED Display, Post Workout Analy...","₹4,499","₹9,999",55% off,Sponsored
242,"Noise Icon Buzz 1.69"" Display with Bluetooth Calling, B...","₹1,099","₹4,999",78% off,"Midnight Gold Strap, Regular"
243,"Ambrane Wise Glaze with 1.78"" Amoled display, BT Callin...","₹1,299","₹5,999",78% off,"Black Strap, Regular"
244,Fire-Boltt Hunter 2.01 inch HD Display Buetooth Calling...,"₹1,199","₹14,999",92% off,"Black Strap, Free Size"
245,"Noise Icon Buzz 1.69"" Display with Bluetooth Calling, B...","₹1,099","₹4,999",78% off,"Green Strap, Regular"
246,"Fire-Boltt Rise Steel Ultra 1.91 Display, BT Call, Voic...","₹1,399","₹14,999",90% off,Sponsored
247,"Boult Cosmic R 1.39 inch HD, BT Calling, Zinc Alloy Fra...","₹1,099","₹5,999",81% off,Sponsored
248,"Noise Icon 3 1.91"" Display with Bluetooth Calling, Meta...","₹1,199","₹7,999",85% off,"Navy Blue Strap, Regular"
249,Fire-Boltt Legend Bluetooth Calling with 1.39'' Round D...,₹999,"₹9,999",90% off,"Black Strap, Free Size"
250,"Fire-Boltt Ninja Talk AMOLED: 1.43 AMOLED Display, 700 ...","₹1,599","₹12,999",87% off,Sponsored
251,"boAt Wave Sigma with 2.01"" HD Display, BT Calling,Coins...","₹1,599","₹7,499",78% off,Sponsored
252,"Fastrack Revoltt FS1 Pro|World's First,1.96"" Super AMOL...","₹1,999","₹7,995",74% off,"Black Strap, Free Size"
253,"Fastrack Revoltt FS1 Pro|World's First,1.96"" Super AMOL...","₹1,999","₹7,995",74% off,"Blue Strap, Free Size"
254,Fire-Boltt Destiny 1.39'' Stainless Steel Luxury Smartw...,"₹1,499","₹11,999",87% off,"Black Strap, Free Size"
255,Noise Loop 1.85'' Display with Advanced Bluetooth Calli...,"₹1,099","₹6,999",84% off,"Blue Strap, Regular"
256,"Cult Ace X1 2.04"" Amoled Display,1000 NITS, Bluetooth C...","₹2,499","₹7,999",68% off,Sponsored
257,"Pebble Cosmos Vault 1.43""Amoled Display Luxury Metal, A...","₹1,699","₹9,999",83% off,Sponsored
258,"Noise Crew 1.38"" Round Display with Bluetooth Calling, ...","₹1,099","₹4,999",78% off,"Green Strap, Regular"
259,Fire-Boltt Hulk 1.78 inch Amoled Bluetooth Calling with...,"₹1,499","₹17,999",91% off,"Grey Strap, 1.78"
260,"PA Maxima Max Pro Coral Plus 1.96''Ultra HD Display, BT...","₹1,299","₹5,499",76% off,Sponsored
261,"PunnkFunnk 2G Flash Kids Boys Girls, With Games, Sos Ca...","₹1,399","₹4,999",72% off,Sponsored
262,"Fire-Boltt Expedition GPS Inbuilt Smart Watch, Bluetoot...","₹1,999","₹21,999",90% off,"Green Strap, Free Size"
263,Fire-Boltt Ninja Calling Pro Plus 1.83 inch Display Blu...,"₹1,099","₹9,999",89% off,"Grey Strap, Free Size"
264,"Fire-Boltt Rock 1.3 AMOLED Display, Bluetooth Calling, ...","₹1,999","₹18,999",89% off,"Black Strap, 1.3"
265,"Fire-Boltt Hurricane 1.3"" Curved Glass Display with 360...","₹1,299","₹8,999",85% off,"Grey Strap, Free Size"
266,"Pebble Cosmos Ultra 1.91"" 600 nits BT-Calling High-Res ...","₹1,499","₹7,499",80% off,Sponsored
267,"Gamesir KIDS Watch-1 Sos Call, Sim Call, 3 Types Game, ...","₹1,300","₹2,999",56% off,Sponsored
268,"Fire-Boltt Rock 1.3 AMOLED Display, Bluetooth Calling, ...","₹1,999","₹18,999",89% off,"Grey Strap, 1.3"
269,"Fastrack Optimus Pro with 1.43"" AMOLED Display & AOD(46...","₹1,999","₹5,995",66% off,"Black Strap, Free Size"
270,"Fire-Boltt Rise Steel Ultra 1.91 Display, BT Call, Voic...","₹1,399","₹14,999",90% off,Sponsored
271,"Cult Shock X 1.43"" AMOLED, 420mAh Battery, 850 NITS, AO...","₹2,699","₹9,999",73% off,Sponsored
272,"Fastrack Revoltt FS1 Pro|World's First,1.96"" Super AMOL...","₹1,999","₹7,995",74% off,"Green Strap, Free Size"
273,Fastrack Revoltt FS1|1.83 Display|BT Calling|Fastcharge...,"₹1,099","₹3,995",72% off,"Green Strap, Free Size"
274,"CMF by Nothing Watch Pro, 1.96 AMOLED display, BT calli...","₹3,299","₹5,999",45% off,"Ash Grey Strap, Free Size"
275,Fire-Boltt Ninja Talk 1.39'' Round Bluetooth Calling Me...,"₹1,599","₹11,999",86% off,"Pink Strap, 1.39"""
276,"yoof Magic with 1.85"" HD Square Display, Bluetooth Call...","₹1,499","₹5,999",75% off,Sponsored
277,alt OG Supreme 1.96'' AMOLED Single Chip Calling 120 sp...,"₹1,599","₹14,999",89% off,Sponsored
278,"Fastrack Optimus Pro with 1.43"" AMOLED Display & AOD(46...","₹1,999","₹5,995",66% off,"Blue Strap, Free Size"
279,"Fire-Boltt Epic with1.69"" 2.5D Curved Glass,SPO2, Heart...",₹999,"₹7,999",87% off,"Black Strap, Free Size"
280,PunnkFunnk Kids Anti-Lost Smart Watch with Phone Call C...,"₹1,303","₹2,999",56% off,Sponsored
281,"Noise Pro 5 Max 1.96 AMOLED Display, Post Workout Analy...","₹4,499","₹9,999",55% off,Sponsored
282,"Noise Icon Buzz 1.69"" Display with Bluetooth Calling, B...","₹1,099","₹4,999",78% off,"Midnight Gold Strap, Regular"
283,"Ambrane Wise Glaze with 1.78"" Amoled display, BT Callin...","₹1,299","₹5,999",78% off,"Black Strap, Regular"
284,Fire-Boltt Hunter 2.01 inch HD Display Buetooth Calling...,"₹1,199","₹14,999",92% off,"Black Strap, Free Size"
285,"Noise Icon Buzz 1.69"" Display with Bluetooth Calling, B...","₹1,099","₹4,999",78% off,"Green Strap, Regular"
286,"Fire-Boltt Rise Steel Ultra 1.91 Display, BT Call, Voic...","₹1,399","₹14,999",90% off,Sponsored
287,"Boult Cosmic R 1.39 inch HD, BT Calling, Zinc Alloy Fra...","₹1,099","₹5,999",81% off,Sponsored
288,"Noise Icon 3 1.91"" Display with Bluetooth Calling, Meta...","₹1,199","₹7,999",85% off,"Navy Blue Strap, Regular"
289,Fire-Boltt Legend Bluetooth Calling with 1.39'' Round D...,₹999,"₹9,999",90% off,"Black Strap, Free Size"
290,"Fire-Boltt Ninja Talk AMOLED: 1.43 AMOLED Display, 700 ...","₹1,599","₹12,999",87% off,Sponsored
291,"boAt Wave Sigma with 2.01"" HD Display, BT Calling,Coins...","₹1,599","₹7,499",78% off,Sponsored
292,"Fastrack Revoltt FS1 Pro|World's First,1.96"" Super AMOL...","₹1,999","₹7,995",74% off,"Black Strap, Free Size"
293,"Fastrack Revoltt FS1 Pro|World's First,1.96"" Super AMOL...","₹1,999","₹7,995",74% off,"Blue Strap, Free Size"
294,Fire-Boltt Destiny 1.39'' Stainless Steel Luxury Smartw...,"₹1,499","₹11,999",87% off,"Black Strap, Free Size"
295,Noise Loop 1.85'' Display with Advanced Bluetooth Calli...,"₹1,099","₹6,999",84% off,"Blue Strap, Regular"
296,"Cult Ace X1 2.04"" Amoled Display,1000 NITS, Bluetooth C...","₹2,499","₹7,999",68% off,Sponsored
297,"Pebble Cosmos Vault 1.43""Amoled Display Luxury Metal, A...","₹1,699","₹9,999",83% off,Sponsored
298,"Noise Crew 1.38"" Round Display with Bluetooth Calling, ...","₹1,099","₹4,999",78% off,"Green Strap, Regular"
299,Fire-Boltt Hulk 1.78 inch Amoled Bluetooth Calling with...,"₹1,499","₹17,999",91% off,"Grey Strap, 1.78"
300,"PA Maxima Max Pro Coral Plus 1.96''Ultra HD Display, BT...","₹1,299","₹5,499",76% off,Sponsored
301,"PunnkFunnk 2G Flash Kids Boys Girls, With Games, Sos Ca...","₹1,399","₹4,999",72% off,Sponsored
302,"Fire-Boltt Expedition GPS Inbuilt Smart Watch, Bluetoot...","₹1,999","₹21,999",90% off,"Green Strap, Free Size"
303,Fire-Boltt Ninja Calling Pro Plus 1.83 inch Display Blu...,"₹1,099","₹9,999",89% off,"Grey Strap, Free Size"
304,"Fire-Boltt Rock 1.3 AMOLED Display, Bluetooth Calling, ...","₹1,999","₹18,999",89% off,"Black Strap, 1.3"
305,"Fire-Boltt Hurricane 1.3"" Curved Glass Display with 360...","₹1,299","₹8,999",85% off,"Grey Strap, Free Size"
306,"Pebble Cosmos Ultra 1.91"" 600 nits BT-Calling High-Res ...","₹1,499","₹7,499",80% off,Sponsored
307,"Gamesir KIDS Watch-1 Sos Call, Sim Call, 3 Types Game, ...","₹1,300","₹2,999",56% off,Sponsored
308,"Fire-Boltt Rock 1.3 AMOLED Display, Bluetooth Calling, ...","₹1,999","₹18,999",89% off,"Grey Strap, 1.3"
309,"Fastrack Optimus Pro with 1.43"" AMOLED Display & AOD(46...","₹1,999","₹5,995",66% off,"Black Strap, Free Size"
310,"Fire-Boltt Rise Steel Ultra 1.91 Display, BT Call, Voic...","₹1,399","₹14,999",90% off,Sponsored
311,"Cult Shock X 1.43"" AMOLED, 420mAh Battery, 850 NITS, AO...","₹2,699","₹9,999",73% off,Sponsored
312,"Fastrack Revoltt FS1 Pro|World's First,1.96"" Super AMOL...","₹1,999","₹7,995",74% off,"Green Strap, Free Size"
313,Fastrack Revoltt FS1|1.83 Display|BT Calling|Fastcharge...,"₹1,099","₹3,995",72% off,"Green Strap, Free Size"
314,"CMF by Nothing Watch Pro, 1.96 AMOLED display, BT calli...","₹3,299","₹5,999",45% off,"Ash Grey Strap, Free Size"
315,Fire-Boltt Ninja Talk 1.39'' Round Bluetooth Calling Me...,"₹1,599","₹11,999",86% off,"Pink Strap, 1.39"""
316,"yoof Magic with 1.85"" HD Square Display, Bluetooth Call...","₹1,499","₹5,999",75% off,Sponsored
317,alt OG Supreme 1.96'' AMOLED Single Chip Calling 120 sp...,"₹1,599","₹14,999",89% off,Sponsored
318,"Fastrack Optimus Pro with 1.43"" AMOLED Display & AOD(46...","₹1,999","₹5,995",66% off,"Blue Strap, Free Size"
319,"Fire-Boltt Epic with1.69"" 2.5D Curved Glass,SPO2, Heart...",₹999,"₹7,999",87% off,"Black Strap, Free Size"
